Suburb,to.x,row.number.x,minutestoRMH,hourstoRMH,kmtoRMH,to.y,row.number.y,lat,long,accuracy,formatted_address,address_type,status,minutestoAlfred,hourstoAlfred,kmtoAlfred,minutesfromAlfred,hoursfromAlfred,kmfromAlfred,minutestoAus,hourstoAus,kmtoAus,minutesfromMMC,hoursfromMMC,kmfromMMC,minutesfromRMH,hoursfromRMH,kmfromRMH,minutestoMMC,hourstoMMC,kmtoMMC
"3000,Victoria, Australia","royal melbourne hospital, victoria",1,16.85,0.281,4.789,"monash medical centre, Victoria",1,-37.8152065,144.963937,postal_code,"Melbourne VIC 3000, Australia",postal_code,OK,14.83333333,0.247222222,4.078,16.78333333,0.279722222,4.742,26.15,0.435833333,15.516,32.63333333,0.543888889,24.687,9.466666667,0.157777778,1.988,30.71666667,0.511944444,24.507
"3002,Victoria, Australia","royal melbourne hospital, victoria",3,18.75,0.313,6.708,"monash medical centre, Victoria",3,-37.8161444,144.9804594,postal_code,"East Melbourne VIC 3002, Australia",postal_code,OK,9.366666667,0.156111111,4.083,10.8,0.18,4.33,20.2,0.336666667,14.587,27.63333333,0.460555556,22.874,13.26666667,0.221111111,4.243,26.83333333,0.447222222,22.482
"3003,Victoria, Australia","royal melbourne hospital, victoria",4,10.883,0.181,5.663,"monash medical centre, Victoria",4,-37.8114504,144.9253974,postal_code,"West Melbourne VIC 3003, Australia",postal_code,OK,15.41666667,0.256944444,8.881,15,0.25,9.007,28.88333333,0.481388889,19.058,29.73333333,0.495555556,28.975,10.3,0.171666667,5.518,31.2,0.52,28.097
"3004,Victoria, Australia","royal melbourne hospital, victoria",5,21.067,0.351,12.789,"monash medical centre, Victoria",5,-37.8301583,144.9804594,postal_code,"Melbourne VIC 3004, Australia",postal_code,OK,9.516666667,0.158611111,3.391,9.716666667,0.161944444,3.375,27.73333333,0.462222222,17.003,30.06666667,0.501111111,23.448,19.41666667,0.323611111,5.156,31.93333333,0.532222222,24.583
"3006,Victoria, Australia","royal melbourne hospital, victoria",7,13.6,0.227,10.76,"monash medical centre, Victoria",7,-37.8245483,144.963937,postal_code,"South Wharf VIC 3006, Australia",postal_code,OK,9.316666667,0.155277778,3.474,10.33333333,0.172222222,3.351,26.7,0.445,16.641,24.83333333,0.413888889,23.059,14.51666667,0.241944444,3.34,24.31666667,0.405277778,22.431
"3008,Victoria, Australia","royal melbourne hospital, victoria",9,13.283,0.221,6.529,"monash medical centre, Victoria",9,-37.8170652,144.9419122,postal_code,"Docklands VIC 3008, Australia",postal_code,OK,17.38333333,0.289722222,9.422,18.4,0.306666667,5.648,31.11666667,0.518611111,16.9,30.83333333,0.513888889,25.487,13.76666667,0.229444444,3.977,33.16666667,0.552777778,28.638
"3010,Victoria, Australia","royal melbourne hospital, victoria",11,11.867,0.198,3.974,"monash medical centre, Victoria",11,-37.7962849,144.9598069,postal_code,"Parkville VIC 3010, Australia",postal_code,OK,21.63333333,0.360555556,7.283,22.51666667,0.375277778,8.026,24.01666667,0.400277778,14.876,38.35,0.639166667,27.972,2.316666667,0.038611111,0.747,37.48333333,0.624722222,26.665
"3011,Victoria, Australia","royal melbourne hospital, victoria",12,13.717,0.229,5.839,"monash medical centre, Victoria",12,-37.7960195,144.9006313,postal_code,"Seddon VIC 3011, Australia",postal_code,OK,21.88333333,0.364722222,12.134,21.4,0.356666667,12.316,31.71666667,0.528611111,19.235,36.13333333,0.602222222,32.284,12.7,0.211666667,5.622,37.66666667,0.627777778,31.35
"3012,Victoria, Australia","royal melbourne hospital, victoria",13,19.333,0.322,15.579,"monash medical centre, Victoria",13,-37.8146251,144.8456217,postal_code,"Maidstone VIC 3012, Australia",postal_code,OK,20.7,0.345,15.334,20.85,0.3475,14.773,37.33333333,0.622222222,28.974,35.55,0.5925,34.746,21,0.35,11.417,36.48333333,0.608055556,34.5
"3013,Victoria, Australia","royal melbourne hospital, victoria",14,16.183,0.27,11.896,"monash medical centre, Victoria",14,-37.819811,144.8813738,postal_code,"Yarraville VIC 3013, Australia",postal_code,OK,17.53333333,0.292222222,11.651,18.3,0.305,11.329,34.16666667,0.569444444,25.291,33.01666667,0.550277778,31.302,17.01666667,0.283611111,12.416,33.31666667,0.555277778,30.817
"3015,Victoria, Australia","royal melbourne hospital, victoria",16,18.583,0.31,13.319,"monash medical centre, Victoria",16,-37.8352097,144.8786231,postal_code,"Spotswood VIC 3015, Australia",postal_code,OK,19.93333333,0.332222222,13.074,18.4,0.306666667,12.201,36.56666667,0.609444444,26.715,33.11666667,0.551944444,32.174,17.11666667,0.285277778,13.288,35.71666667,0.595277778,32.241
"3016,Victoria, Australia","royal melbourne hospital, victoria",17,23.2,0.387,16.607,"monash medical centre, Victoria",17,-37.8571449,144.8813738,postal_code,"Williamstown North VIC 3016, Australia",postal_code,OK,24.55,0.409166667,16.362,22.61666667,0.376944444,15.037,41.18333333,0.686388889,30.003,37.31666667,0.621944444,35.01,21.33333333,0.355555556,16.125,40.33333333,0.672222222,35.528
"3018,Victoria, Australia","royal melbourne hospital, victoria",19,25.317,0.422,21.528,"monash medical centre, Victoria",19,-37.859343,144.8126334,postal_code,"Altona VIC 3018, Australia",postal_code,OK,26.7,0.445,21.283,25.76666667,0.429444444,20.525,43.33333333,0.722222222,34.923,40.46666667,0.674444444,40.498,24.48333333,0.408055556,21.612,42.46666667,0.707777778,40.449
"3019,Victoria, Australia","royal melbourne hospital, victoria",20,21.85,0.364,10.609,"monash medical centre, Victoria",20,-37.7903679,144.8566207,postal_code,"Braybrook VIC 3019, Australia",postal_code,OK,27.11666667,0.451944444,16.161,26.71666667,0.445277778,16.311,40.01666667,0.666944444,23.948,41.43333333,0.690555556,36.279,21.25,0.354166667,10.477,42.9,0.715,35.377
"3020,Victoria, Australia","royal melbourne hospital, victoria",21,26.317,0.439,13.709,"monash medical centre, Victoria",21,-37.7791149,144.823628,postal_code,"Sunshine VIC 3020, Australia",postal_code,OK,28.08333333,0.468055556,27.363,28.71666667,0.478611111,27.019,39.13333333,0.652222222,29.623,43.41666667,0.723611111,46.992,26.51666667,0.441944444,14.065,43.86666667,0.731111111,46.529
"3021,Victoria, Australia","royal melbourne hospital, victoria",22,21.817,0.364,19.379,"monash medical centre, Victoria",22,-37.7435941,144.8016402,postal_code,"Kealba VIC 3021, Australia",postal_code,OK,32.3,0.538333333,30.339,31.93333333,0.532222222,31.191,36.96666667,0.616111111,25.094,46.63333333,0.777222222,51.164,24.4,0.406666667,20.921,48.08333333,0.801388889,49.505
"3022,Victoria, Australia","royal melbourne hospital, victoria",23,26.283,0.438,24.754,"monash medical centre, Victoria",23,-37.7776716,144.7988921,postal_code,"Ardeer VIC 3022, Australia",postal_code,OK,27.65,0.460833333,24.509,28.05,0.4675,23.64,42.36666667,0.706111111,32.778,42.75,0.7125,43.613,26.76666667,0.446111111,24.727,43.43333333,0.723888889,43.676
"3023,Victoria, Australia","royal melbourne hospital, victoria",24,27.017,0.45,25.503,"monash medical centre, Victoria",24,-37.7687064,144.7521888,postal_code,"Burnside VIC 3023, Australia",postal_code,OK,29.53333333,0.492222222,27.868,29.85,0.4975,27.451,42.11666667,0.701944444,31.218,44.56666667,0.742777778,47.424,29.65,0.494166667,26.812,45.31666667,0.755277778,47.034
"3024,Victoria, Australia","royal melbourne hospital, victoria",25,45.333,0.756,42.682,"monash medical centre, Victoria",25,-37.8706337,144.5875645,postal_code,"Wyndham Vale VIC 3024, Australia",postal_code,OK,46.63333333,0.777222222,42.437,46.9,0.781666667,41.705,63.26666667,1.054444444,56.078,61.61666667,1.026944444,61.678,45.61666667,0.760277778,42.792,62.4,1.04,61.603
"3025,Victoria, Australia","royal melbourne hospital, victoria",26,21.417,0.357,17.901,"monash medical centre, Victoria",26,-37.8388686,144.8346241,postal_code,"Altona North VIC 3025, Australia",postal_code,OK,22.8,0.38,17.656,22.05,0.3675,16.878,39.45,0.6575,31.297,36.75,0.6125,36.851,20.76666667,0.346111111,17.965,38.58333333,0.643055556,36.822
"3026,Victoria, Australia","royal melbourne hospital, victoria",27,23.55,0.393,20.69,"monash medical centre, Victoria",27,-37.8294185,144.7796581,postal_code,"Laverton North VIC 3026, Australia",postal_code,OK,24.9,0.415,20.445,24.63333333,0.410555556,19.76,41.48333333,0.691388889,33.609,39.33333333,0.655555556,39.733,23.35,0.389166667,20.847,40.68333333,0.678055556,39.611
"3027,Victoria, Australia","royal melbourne hospital, victoria",28,25.45,0.424,26.773,"monash medical centre, Victoria",28,-37.8614859,144.7439497,postal_code,"Williams Landing VIC 3027, Australia",postal_code,OK,26.83333333,0.447222222,26.528,27.06666667,0.451111111,26.17,43.46666667,0.724444444,40.168,41.78333333,0.696388889,46.143,25.78333333,0.429722222,27.257,42.61666667,0.710277778,45.694
"3028,Victoria, Australia","royal melbourne hospital, victoria",29,26.967,0.449,25.73,"monash medical centre, Victoria",29,-37.8760399,144.7796581,postal_code,"Altona Meadows VIC 3028, Australia",postal_code,OK,28.31666667,0.471944444,25.485,26.23333333,0.437222222,23.801,44.95,0.749166667,39.126,40.93333333,0.682222222,43.774,24.95,0.415833333,24.888,44.1,0.735,44.651
"3029,Victoria, Australia","royal melbourne hospital, victoria",30,31.85,0.531,27.159,"monash medical centre, Victoria",30,-37.8282806,144.7082568,postal_code,"Tarneit VIC 3029, Australia",postal_code,OK,33.23333333,0.553888889,26.914,32.35,0.539166667,26.223,48.53333333,0.808888889,39.8,47.05,0.784166667,46.196,31.06666667,0.517777778,27.311,49.01666667,0.816944444,46.08
"3030,Victoria, Australia","royal melbourne hospital, victoria",31,34.183,0.57,37.338,"monash medical centre, Victoria",31,-37.938058,144.6753231,postal_code,"Derrimut VIC 3030, Australia",postal_code,OK,35.56666667,0.592777778,37.093,33.56666667,0.559444444,35.751,52.2,0.87,50.734,48.26666667,0.804444444,55.724,32.28333333,0.538055556,36.839,51.33333333,0.855555556,56.259
"3031,Victoria, Australia","royal melbourne hospital, victoria",32,9.767,0.163,3.839,"monash medical centre, Victoria",32,-37.790896,144.9198932,postal_code,"Kensington VIC 3031, Australia",postal_code,OK,19.58333333,0.326388889,12.089,20.23333333,0.337222222,12.346,27.76666667,0.462777778,17.234,34.96666667,0.582777778,32.314,10.18333333,0.169722222,3.863,35.36666667,0.589444444,31.305
"3032,Victoria, Australia","royal melbourne hospital, victoria",33,13.283,0.221,5.514,"monash medical centre, Victoria",33,-37.7773364,144.9006313,postal_code,"Ascot Vale VIC 3032, Australia",postal_code,OK,25.73333333,0.428888889,14.521,25.03333333,0.417222222,14.581,33.91666667,0.565277778,19.666,39.76666667,0.662777778,34.549,14.98333333,0.249722222,6.098,41.51666667,0.691944444,33.737
"3033,Victoria, Australia","royal melbourne hospital, victoria",34,17.3,0.288,15.134,"monash medical centre, Victoria",34,-37.7343192,144.8566207,postal_code,"Keilor East VIC 3033, Australia",postal_code,OK,29,0.483333333,25.325,28.35,0.4725,25.519,32.46666667,0.541111111,20.849,43.08333333,0.718055556,45.488,18.95,0.315833333,16.684,44.8,0.746666667,44.541
"3034,Victoria, Australia","royal melbourne hospital, victoria",35,18.367,0.306,9.653,"monash medical centre, Victoria",35,-37.7628247,144.8648709,postal_code,"Avondale Heights VIC 3034, Australia",postal_code,OK,32.2,0.536666667,19.123,32.55,0.5425,19.314,35.38333333,0.589722222,21.985,47.28333333,0.788055556,39.282,22.46666667,0.374444444,10.889,47.98333333,0.799722222,38.339
"3036,Victoria, Australia","royal melbourne hospital, victoria",37,19.067,0.318,19.713,"monash medical centre, Victoria",37,-37.6912843,144.8126334,postal_code,"Keilor VIC 3036, Australia",postal_code,OK,30.76666667,0.512777778,29.904,34.98333333,0.583055556,34.662,34.23333333,0.570555556,25.429,49.71666667,0.828611111,54.63,25.58333333,0.426388889,25.827,46.56666667,0.776111111,49.12
"3037,Victoria, Australia","royal melbourne hospital, victoria",38,25.717,0.429,23.863,"monash medical centre, Victoria",38,-37.6940036,144.7521888,postal_code,"Taylors Hill VIC 3037, Australia",postal_code,OK,37.43333333,0.623888889,34.055,36.25,0.604166667,36.111,40.88333333,0.681388889,29.579,50.96666667,0.849444444,56.079,26.83333333,0.447222222,27.275,53.21666667,0.886944444,53.271
"3038,Victoria, Australia","royal melbourne hospital, victoria",39,20.583,0.343,21.191,"monash medical centre, Victoria",39,-37.7024727,144.7906484,postal_code,"Keilor Downs VIC 3038, Australia",postal_code,OK,32.23333333,0.537222222,31.382,32.48333333,0.541388889,31.5,35.7,0.595,26.906,47.2,0.786666667,51.468,23.06666667,0.384444444,22.664,48.03333333,0.800555556,50.598
"3039,Victoria, Australia","royal melbourne hospital, victoria",40,8.333,0.139,3.875,"monash medical centre, Victoria",40,-37.7675363,144.9198932,postal_code,"Moonee Ponds VIC 3039, Australia",postal_code,OK,23.93333333,0.398888889,14.295,24.45,0.4075,14.499,29.56666667,0.492777778,19.057,39.18333333,0.653055556,34.467,12.46666667,0.207777778,5.099,39.73333333,0.662222222,33.511
"3040,Victoria, Australia","royal melbourne hospital, victoria",41,15.517,0.259,6.97,"monash medical centre, Victoria",41,-37.7493029,144.9006313,postal_code,"Aberfeldie VIC 3040, Australia",postal_code,OK,26.56666667,0.442777778,18.441,27.2,0.453333333,21.733,30.68333333,0.511388889,17.076,41.91666667,0.698611111,41.701,17.78333333,0.296388889,12.897,42.35,0.705833333,37.657
"3041,Victoria, Australia","royal melbourne hospital, victoria",42,13.533,0.226,9.493,"monash medical centre, Victoria",42,-37.7306079,144.9006313,postal_code,"Strathmore VIC 3041, Australia",postal_code,OK,25.18333333,0.419722222,19.684,24,0.4,19.482,28.46666667,0.474444444,15.218,38.73333333,0.645555556,39.45,14.6,0.243333333,10.646,40.96666667,0.682777778,38.9
"3042,Victoria, Australia","royal melbourne hospital, victoria",43,14.3,0.238,12.045,"monash medical centre, Victoria",43,-37.7245197,144.8758725,postal_code,"Airport West VIC 3042, Australia",postal_code,OK,25.98333333,0.433055556,22.237,27.2,0.453333333,22.714,29.43333333,0.490555556,17.761,41.93333333,0.698888889,42.682,17.8,0.296666667,13.878,41.76666667,0.696111111,41.453
"3043,Victoria, Australia","royal melbourne hospital, victoria",44,16.55,0.276,14.07,"monash medical centre, Victoria",44,-37.7044206,144.8786231,postal_code,"Tullamarine VIC 3043, Australia",postal_code,OK,28.23333333,0.470555556,24.261,28.93333333,0.482222222,24.421,28.48333333,0.474722222,28.487,43.66666667,0.727777778,44.39,19.53333333,0.325555556,15.586,44.01666667,0.733611111,43.477
"3044,Victoria, Australia","royal melbourne hospital, victoria",45,12.8,0.213,8.6,"monash medical centre, Victoria",45,-37.7310813,144.9364069,postal_code,"Pascoe Vale VIC 3044, Australia",postal_code,OK,23.45,0.390833333,18.791,24.9,0.415,19.101,23.11666667,0.385277778,12.149,39.63333333,0.660555556,39.07,15.5,0.258333333,10.266,39.25,0.654166667,38.007
"3045,Victoria, Australia","royal melbourne hospital, victoria",46,23.217,0.387,21.811,"monash medical centre, Victoria",46,-37.6679317,144.8401227,postal_code,"Melbourne Airport VIC 3045, Australia",postal_code,OK,34.91666667,0.581944444,32.002,36.08333333,0.601388889,33.703,35.73333333,0.595555556,36.676,50.81666667,0.846944444,53.671,26.68333333,0.444722222,24.867,50.7,0.845,51.218
"3046,Victoria, Australia","royal melbourne hospital, victoria",47,16.717,0.279,10.989,"monash medical centre, Victoria",47,-37.7044261,144.9336544,postal_code,"Oak Park VIC 3046, Australia",postal_code,OK,28.38333333,0.473055556,21.18,29.83333333,0.497222222,22.253,27.51666667,0.458611111,15.313,44.55,0.7425,42.221,20.41666667,0.340277778,13.418,44.18333333,0.736388889,40.396
"3047,Victoria, Australia","royal melbourne hospital, victoria",48,21.133,0.352,14.719,"monash medical centre, Victoria",48,-37.6763574,144.9336544,postal_code,"Broadmeadows VIC 3047, Australia",postal_code,OK,32.83333333,0.547222222,24.91,34.75,0.579166667,25.619,29.7,0.495,24.83,49.46666667,0.824444444,45.587,25.33333333,0.422222222,16.783,48.63333333,0.810555556,44.126
"3048,Victoria, Australia","royal melbourne hospital, victoria",49,24.633,0.411,17.075,"monash medical centre, Victoria",49,-37.6539007,144.9226452,postal_code,"Coolaroo VIC 3048, Australia",postal_code,OK,36.31666667,0.605277778,27.266,36.48333333,0.608055556,27.452,35.1,0.585,28.139,51.21666667,0.853611111,47.42,27.08333333,0.451388889,18.616,52.1,0.868333333,46.482
"3049,Victoria, Australia","royal melbourne hospital, victoria",50,19.633,0.327,17.452,"monash medical centre, Victoria",50,-37.6707522,144.8896264,postal_code,"Westmeadows VIC 3049, Australia",postal_code,OK,31.31666667,0.521944444,27.643,32.45,0.540833333,27.986,32.06666667,0.534444444,30.914,47.18333333,0.786388889,47.954,23.03333333,0.383888889,19.15,47.1,0.785,46.859
"3051,Victoria, Australia","royal melbourne hospital, victoria",52,7.15,0.119,3.07,"monash medical centre, Victoria",52,-37.7983816,144.9419122,postal_code,"North Melbourne VIC 3051, Australia",postal_code,OK,17.71666667,0.295277778,11.587,18.65,0.310833333,6.795,25.15,0.419166667,16.465,34.5,0.575,26.741,4.383333333,0.073055556,1.406,33.5,0.558333333,30.803
"3052,Victoria, Australia","royal melbourne hospital, victoria",53,6.033,0.101,2.539,"monash medical centre, Victoria",53,-37.7862363,144.9474178,postal_code,"Parkville VIC 3052, Australia",postal_code,OK,18.55,0.309166667,11.519,19.66666667,0.327777778,11.887,22.5,0.375,15.348,34.4,0.573333333,31.855,6.466666667,0.107777778,2.738,34.33333333,0.572222222,30.734
"3053,Victoria, Australia","royal melbourne hospital, victoria",54,10.767,0.179,3.947,"monash medical centre, Victoria",54,-37.798389,144.9694441,postal_code,"Carlton VIC 3053, Australia",postal_code,OK,18.35,0.305833333,6.965,18.43333333,0.307222222,7.04,17.91666667,0.298611111,13.108,34.13333333,0.568888889,24.422,5.3,0.088333333,1.384,34.81666667,0.580277778,24.686
"3054,Victoria, Australia","royal melbourne hospital, victoria",55,7.55,0.126,2.73,"monash medical centre, Victoria",55,-37.7843702,144.9694441,postal_code,"Princes Hill VIC 3054, Australia",postal_code,OK,21.73333333,0.362222222,8.984,22.33333333,0.372222222,9.103,17.45,0.290833333,13.461,38.35,0.639166667,26.22,6.783333333,0.113055556,2.548,38.81666667,0.646944444,26.359
"3055,Victoria, Australia","royal melbourne hospital, victoria",56,8.2,0.137,3.035,"monash medical centre, Victoria",56,-37.761,144.9419122,postal_code,"Brunswick West VIC 3055, Australia",postal_code,OK,21.4,0.356666667,16.028,23.4,0.39,16.625,25.93333333,0.432222222,13.167,38.11666667,0.635277778,36.593,13.03333333,0.217222222,5.696,37.2,0.62,35.244
"3056,Victoria, Australia","royal melbourne hospital, victoria",57,6.433,0.107,2.321,"monash medical centre, Victoria",57,-37.7666099,144.9584302,postal_code,"Brunswick VIC 3056, Australia",postal_code,OK,24.98333333,0.416388889,17.943,26,0.433333333,18.409,24.35,0.405833333,11.787,40.73333333,0.678888889,38.377,11.25,0.1875,3.835,40.76666667,0.679444444,37.159
"3057,Victoria, Australia","royal melbourne hospital, victoria",58,11.167,0.186,4.28,"monash medical centre, Victoria",58,-37.769412,144.9804594,postal_code,"Brunswick East VIC 3057, Australia",postal_code,OK,24.51666667,0.408611111,10.248,25.61666667,0.426944444,10.248,19.45,0.324166667,9.814,42.43333333,0.707222222,28.792,12.8,0.213333333,5.117,41.96666667,0.699444444,28.647
"3058,Victoria, Australia","royal melbourne hospital, victoria",59,16.617,0.277,9.072,"monash medical centre, Victoria",59,-37.7343488,144.9666905,postal_code,"Coburg VIC 3058, Australia",postal_code,OK,28.31666667,0.471944444,19.263,29.08333333,0.484722222,19.607,16.88333333,0.281388889,9.311,43.81666667,0.730277778,39.575,19.66666667,0.327777778,10.772,44.1,0.735,38.479
"3059,Victoria, Australia","royal melbourne hospital, victoria",60,22.633,0.377,20.182,"monash medical centre, Victoria",60,-37.6454887,144.8841246,postal_code,"Greenvale VIC 3059, Australia",postal_code,OK,34.3,0.571666667,30.373,34.96666667,0.582777778,30.868,35.05,0.584166667,33.644,49.68333333,0.828055556,50.836,25.55,0.425833333,22.032,50.08333333,0.834722222,49.589
"3060,Victoria, Australia","royal melbourne hospital, victoria",61,21.283,0.355,20.673,"monash medical centre, Victoria",61,-37.6969273,144.9666905,postal_code,"Fawkner VIC 3060, Australia",postal_code,OK,32.85,0.5475,30.864,33.5,0.558333333,31.587,25.46666667,0.424444444,21.58,48.23333333,0.803888889,51.555,24.1,0.401666667,22.752,48.65,0.810833333,50.08
"3061,Victoria, Australia","royal melbourne hospital, victoria",62,22.45,0.374,22.495,"monash medical centre, Victoria",62,-37.665113,144.955677,postal_code,"Campbellfield VIC 3061, Australia",postal_code,OK,34.11666667,0.568611111,32.687,37.41666667,0.623611111,34.863,25.65,0.4275,23.233,52.13333333,0.868888889,54.831,28,0.466666667,26.027,49.9,0.831666667,51.903
"3062,Victoria, Australia","royal melbourne hospital, victoria",63,27.8,0.463,19.857,"monash medical centre, Victoria",63,-37.6332889,144.944665,postal_code,"Somerton VIC 3062, Australia",postal_code,OK,39.46666667,0.657777778,30.048,40.96666667,0.682777778,30.399,31.1,0.518333333,27.879,55.68333333,0.928055556,50.367,31.55,0.525833333,21.563,55.26666667,0.921111111,49.264
"3063,Victoria, Australia","royal melbourne hospital, victoria",64,26.283,0.438,27.583,"monash medical centre, Victoria",64,-37.5930751,144.8401227,postal_code,"Yuroke VIC 3063, Australia",postal_code,OK,37.98333333,0.633055556,37.774,38,0.633333333,38.186,38.71666667,0.645277778,41.045,52.73333333,0.878888889,58.154,28.58333333,0.476388889,29.35,53.76666667,0.896111111,56.99
"3064,Victoria, Australia","royal melbourne hospital, victoria",65,32.483,0.541,41.924,"monash medical centre, Victoria",65,-37.5424079,144.9391595,postal_code,"Donnybrook VIC 3064, Australia",postal_code,OK,44.15,0.735833333,52.116,43.43333333,0.723888889,51.515,32.76666667,0.546111111,37.598,58.16666667,0.969444444,71.483,34.03333333,0.567222222,42.68,59.93333333,0.998888889,71.332
"3065,Victoria, Australia","royal melbourne hospital, victoria",66,12.917,0.215,4.544,"monash medical centre, Victoria",66,-37.7974551,144.9804594,postal_code,"Fitzroy VIC 3065, Australia",postal_code,OK,17.98333333,0.299722222,6.442,17.61666667,0.293611111,6.67,15.06666667,0.251111111,11.923,34.45,0.574166667,25.214,9.883333333,0.164722222,2.565,35.45,0.590833333,24.842
"3066,Victoria, Australia","royal melbourne hospital, victoria",67,15.2,0.253,5.361,"monash medical centre, Victoria",67,-37.8009595,144.9873447,postal_code,"Collingwood VIC 3066, Australia",postal_code,OK,14.15,0.235833333,5.533,14.86666667,0.247777778,5.767,14.13333333,0.235555556,11.561,31.7,0.528333333,24.311,11.68333333,0.194722222,3.287,31.6,0.526666667,23.932
"3067,Victoria, Australia","royal melbourne hospital, victoria",68,19.483,0.325,6.41,"monash medical centre, Victoria",68,-37.8023601,144.9983623,postal_code,"Abbotsford VIC 3067, Australia",postal_code,OK,13.63333333,0.227222222,5.481,16.06666667,0.267777778,5.738,17.2,0.286666667,12.681,32.9,0.548333333,24.282,15.53333333,0.258888889,5.203,31.1,0.518333333,23.88
"3068,Victoria, Australia","royal melbourne hospital, victoria",69,13.617,0.227,5.054,"monash medical centre, Victoria",69,-37.7885749,144.9887218,postal_code,"Fitzroy North VIC 3068, Australia",postal_code,OK,18.61666667,0.310277778,7.707,17.55,0.2925,7.548,15.33333333,0.255555556,7.891,34.38333333,0.573055556,26.093,10.25,0.170833333,3.623,36.06666667,0.601111111,26.106
"3070,Victoria, Australia","royal melbourne hospital, victoria",71,16.267,0.271,5.77,"monash medical centre, Victoria",71,-37.7736132,144.9997396,postal_code,"Northcote VIC 3070, Australia",postal_code,OK,20.86666667,0.347777778,8.653,20.75,0.345833333,8.624,14.68333333,0.244722222,7.407,37.56666667,0.626111111,27.168,16.03333333,0.267222222,5.747,38.33333333,0.638888889,27.052
"3071,Victoria, Australia","royal melbourne hospital, victoria",72,19.067,0.318,7.539,"monash medical centre, Victoria",72,-37.7600493,145.0080039,postal_code,"Thornbury VIC 3071, Australia",postal_code,OK,23.78333333,0.396388889,11.024,23.98333333,0.399722222,11.499,10.95,0.1825,6.392,40.81666667,0.680277778,30.044,19.11666667,0.318611111,8.565,41.23333333,0.687222222,29.423
"3072,Victoria, Australia","royal melbourne hospital, victoria",73,22.383,0.373,9.363,"monash medical centre, Victoria",73,-37.7399362,145.0107588,postal_code,"Preston VIC 3072, Australia",postal_code,OK,28.26666667,0.471111111,13.447,29.11666667,0.485277778,14.067,9.666666667,0.161111111,5.489,46.38333333,0.773055556,30.849,23.46666667,0.391111111,10.32,45.73333333,0.762222222,31.847
"3073,Victoria, Australia","royal melbourne hospital, victoria",74,26.733,0.446,11.915,"monash medical centre, Victoria",74,-37.7118644,145.0107588,postal_code,"Reservoir VIC 3073, Australia",postal_code,OK,34.25,0.570833333,15.895,34.65,0.5775,16.224,15.11666667,0.251944444,8.805,51.51666667,0.858611111,33.804,27.66666667,0.461111111,12.878,51.71666667,0.861944444,34.294
"3074,Victoria, Australia","royal melbourne hospital, victoria",75,23.567,0.393,25.388,"monash medical centre, Victoria",75,-37.6837819,145.0107588,postal_code,"Thomastown VIC 3074, Australia",postal_code,OK,35.3,0.588333333,35.579,36.25,0.604166667,36.132,21.86666667,0.364444444,12.222,50.98333333,0.849722222,56.1,26.85,0.4475,27.296,51.08333333,0.851388889,54.795
"3075,Victoria, Australia","royal melbourne hospital, victoria",76,25.267,0.421,26.664,"monash medical centre, Victoria",76,-37.6650543,145.0107588,postal_code,"Lalor VIC 3075, Australia",postal_code,OK,37.01666667,0.616944444,36.855,39.63,0.66,39.486,23.33333333,0.388888889,19.501,52.58333333,0.876388889,57.528,28.43333333,0.473888889,28.724,52.81666667,0.880277778,56.071
"3076,Victoria, Australia","royal melbourne hospital, victoria",77,32.433,0.541,31.65,"monash medical centre, Victoria",77,-37.6341341,145.016269,postal_code,"Epping VIC 3076, Australia",postal_code,OK,43.7,0.728333333,42.109,42.9,0.715,42.596,30.13333333,0.502222222,21.476,57.63333333,0.960555556,62.564,33.48333333,0.558055556,33.76,59.48333333,0.991388889,61.325
"3078,Victoria, Australia","royal melbourne hospital, victoria",79,19.6,0.327,8.332,"monash medical centre, Victoria",79,-37.7824868,145.0190242,postal_code,"Fairfield VIC 3078, Australia",postal_code,OK,20.08333333,0.334722222,9.408,19.73333333,0.328888889,9.349,9.85,0.164166667,5.082,36.56666667,0.609444444,27.893,14.86666667,0.247777778,6.415,35.96666667,0.599444444,25.176
"3079,Victoria, Australia","royal melbourne hospital, victoria",80,22.8,0.38,10.587,"monash medical centre, Victoria",80,-37.7698427,145.0438252,postal_code,"Ivanhoe VIC 3079, Australia",postal_code,OK,23.26666667,0.387777778,11.662,22.71666667,0.378611111,12.658,4.983333333,0.083055556,1.996,38.38333333,0.639722222,26.813,18.18333333,0.303055556,10.124,38.3,0.638333333,26.871
"3081,Victoria, Australia","royal melbourne hospital, victoria",82,27.783,0.463,12.756,"monash medical centre, Victoria",82,-37.7417753,145.0438252,postal_code,"Heidelberg West VIC 3081, Australia",postal_code,OK,30.41666667,0.506944444,14.91,29.86666667,0.497777778,19.45,5.466666667,0.091111111,2.898,44.11666667,0.735277778,28.261,25.31666667,0.421944444,16.917,44.66666667,0.744444444,27.835
"3082,Victoria, Australia","royal melbourne hospital, victoria",83,30.567,0.509,32.16,"monash medical centre, Victoria",83,-37.6649616,145.0658766,postal_code,"Mill Park VIC 3082, Australia",postal_code,OK,42.78333333,0.713055556,28.237,41.56666667,0.692777778,43.165,21.16666667,0.352777778,12.38,57.68333333,0.961388889,36.958,32.16666667,0.536111111,34.33,56.56666667,0.942777778,37.075
"3083,Victoria, Australia","royal melbourne hospital, victoria",84,27.3,0.455,28.891,"monash medical centre, Victoria",84,-37.6987006,145.0548502,postal_code,"Bundoora VIC 3083, Australia",postal_code,OK,39.61666667,0.660277778,20.297,38.68333333,0.644722222,20.81,14.58333333,0.243055556,8.419,53.11666667,0.885277778,34.098,30.71666667,0.511944444,31.03,54.36666667,0.906111111,33.622
"3084,Victoria, Australia","royal melbourne hospital, victoria",85,27.867,0.464,16.937,"monash medical centre, Victoria",85,-37.7436031,145.0769045,postal_code,"Viewbank VIC 3084, Australia",postal_code,OK,28.63333333,0.477222222,17.442,28.6,0.476666667,18.092,7.25,0.120833333,2.977,42.85,0.714166667,25.913,24.05,0.400833333,15.559,42.15,0.7025,26.321
"3085,Victoria, Australia","royal melbourne hospital, victoria",86,30.7,0.512,18.98,"monash medical centre, Victoria",86,-37.7248812,145.0769045,postal_code,"Macleod VIC 3085, Australia",postal_code,OK,31.55,0.525833333,19.485,31.35,0.5225,20.299,8.733333333,0.145555556,4.921,45.61666667,0.760277778,28.12,26.81666667,0.446944444,17.765,45.35,0.755833333,28.323
"3086,Victoria, Australia","royal melbourne hospital, victoria",87,32.283,0.538,14.114,"monash medical centre, Victoria",87,-37.72165,145.0465813,postal_code,"Bundoora VIC 3086, Australia",postal_code,OK,34.58333333,0.576388889,21.04,34.71666667,0.578611111,21.9,9.15,0.1525,4.798,48.96666667,0.816111111,30.71,30.16666667,0.502777778,19.366,48.91666667,0.815277778,30.001
"3087,Victoria, Australia","royal melbourne hospital, victoria",88,28.183,0.47,33.18,"monash medical centre, Victoria",88,-37.7019248,145.0851764,postal_code,"Watsonia VIC 3087, Australia",postal_code,OK,35.15,0.585833333,22.518,35.56666667,0.592777778,23.098,13.23333333,0.220555556,7.425,49.81666667,0.830277778,30.919,31.01666667,0.516944444,20.565,48.93333333,0.815555556,31.356
"3088,Victoria, Australia","royal melbourne hospital, victoria",89,30.067,0.501,34.97,"monash medical centre, Victoria",89,-37.698595,145.1099967,postal_code,"St Helena VIC 3088, Australia",postal_code,OK,38.65,0.644166667,26.043,39.56666667,0.659444444,26.863,16.56666667,0.276111111,11.259,49.85,0.830833333,30.025,32.58333333,0.543055556,36.928,47.91666667,0.798611111,29.285
"3089,Victoria, Australia","royal melbourne hospital, victoria",90,35.933,0.599,39.023,"monash medical centre, Victoria",90,-37.6666174,145.1541397,postal_code,"Diamond Creek VIC 3089, Australia",postal_code,OK,44.5,0.741666667,30.096,45,0.75,30.701,22.41666667,0.373611111,15.312,53.38333333,0.889722222,32.683,38,0.633333333,40.766,52.86666667,0.881111111,32.215
"3090,Victoria, Australia","royal melbourne hospital, victoria",91,34.067,0.568,37.336,"monash medical centre, Victoria",91,-37.670486,145.1099967,postal_code,"Plenty VIC 3090, Australia",postal_code,OK,42.6,0.71,28.409,43.23333333,0.720555556,29.037,20.51666667,0.341944444,13.625,55.35,0.9225,34.283,36.25,0.604166667,39.102,53.75,0.895833333,33.444
"3091,Victoria, Australia","royal melbourne hospital, victoria",92,36.267,0.604,40.551,"monash medical centre, Victoria",92,-37.6404295,145.1320653,postal_code,"Yarrambat VIC 3091, Australia",postal_code,OK,44.88333333,0.748055556,31.624,45.13333333,0.752222222,32.253,22.8,0.38,16.841,56.7,0.945,36.394,38.15,0.635833333,42.318,55.31666667,0.921944444,36.143
"3093,Victoria, Australia","royal melbourne hospital, victoria",94,33.567,0.559,21.006,"monash medical centre, Victoria",94,-37.7393287,145.112755,postal_code,"Lower Plenty VIC 3093, Australia",postal_code,OK,34.31666667,0.571944444,21.511,34.23333333,0.570555556,24.665,13.23333333,0.220555556,6.836,41.21666667,0.686944444,24.793,29.68333333,0.494722222,22.132,42.1,0.701666667,25.676
"3094,Victoria, Australia","royal melbourne hospital, victoria",95,34.6,0.577,24.389,"monash medical centre, Victoria",95,-37.7196403,145.1237889,postal_code,"Montmorency VIC 3094, Australia",postal_code,OK,35.4,0.59,24.894,35.98333333,0.599722222,23.725,13.68333333,0.228055556,8.399,42.46666667,0.707777778,25.494,31.45,0.524166667,21.191,41.85,0.6975,25.148
"3095,Victoria, Australia","royal melbourne hospital, victoria",96,40.767,0.679,27.936,"monash medical centre, Victoria",96,-37.7049998,145.1706992,postal_code,"Eltham VIC 3095, Australia",postal_code,OK,41.56666667,0.692777778,28.441,42.2,0.703333333,29.069,24.2,0.403333333,14.941,49.2,0.82,29.197,37.66666667,0.627777778,26.535,48,0.8,28.695
"3096,Victoria, Australia","royal melbourne hospital, victoria",97,39.217,0.654,41.717,"monash medical centre, Victoria",97,-37.6683887,145.1872619,postal_code,"Wattle Glen VIC 3096, Australia",postal_code,OK,47.8,0.796666667,32.789,48.45,0.8075,33.434,25.71666667,0.428611111,18.006,48.16666667,0.802777778,43.684,41.46666667,0.691111111,43.499,47.91666667,0.798611111,43.812
"3097,Victoria, Australia","royal melbourne hospital, victoria",98,44.8,0.747,47.344,"monash medical centre, Victoria",98,-37.6897828,145.2369693,postal_code,"Kangaroo Ground VIC 3097, Australia",postal_code,OK,47.25,0.7875,35.519,48.16666667,0.802777778,36.155,29.88333333,0.498055556,22.019,46.95,0.7825,41.945,43.61666667,0.726944444,33.621,46.18333333,0.769722222,42.052
"3099,Victoria, Australia","royal melbourne hospital, victoria",100,50.15,0.836,51.789,"monash medical centre, Victoria",100,-37.5885255,145.2148736,postal_code,"Hurstbridge VIC 3099, Australia",postal_code,OK,58.75,0.979166667,42.862,59.25,0.9875,43.456,36.68333333,0.611388889,28.078,58.95,0.9825,53.531,52.26666667,0.871111111,53.522,58.46666667,0.974444444,53.683
"3101,Victoria, Australia","royal melbourne hospital, victoria",102,19.05,0.318,10.075,"monash medical centre, Victoria",102,-37.803516,145.0328017,postal_code,"Kew VIC 3101, Australia",postal_code,OK,19.76666667,0.329444444,10.58,21.68333333,0.361388889,9.204,12.76666667,0.212777778,9.069,31.68333333,0.528055556,22.024,18.66666667,0.311111111,9.418,31.33333333,0.522222222,22.491
"3102,Victoria, Australia","royal melbourne hospital, victoria",103,20.55,0.343,13.298,"monash medical centre, Victoria",103,-37.7922797,145.0548502,postal_code,"Kew East VIC 3102, Australia",postal_code,OK,21.33333333,0.355555556,13.803,21.71666667,0.361944444,12.33,9.416666667,0.156944444,5.786,32.4,0.54,21.02,17.16666667,0.286111111,9.797,33.53333333,0.558888889,20.441
"3103,Victoria, Australia","royal melbourne hospital, victoria",104,24.9,0.415,15.467,"monash medical centre, Victoria",104,-37.8090918,145.0769045,postal_code,"Balwyn VIC 3103, Australia",postal_code,OK,25.76666667,0.429444444,15.972,26.85,0.4475,16.905,13.85,0.230833333,7.955,31.93333333,0.532222222,16.958,22.3,0.371666667,14.371,31.58333333,0.526388889,16.538
"3104,Victoria, Australia","royal melbourne hospital, victoria",105,22.433,0.374,17.163,"monash medical centre, Victoria",105,-37.7941151,145.0879338,postal_code,"Balwyn North VIC 3104, Australia",postal_code,OK,23.21666667,0.386944444,17.668,25.08333333,0.418055556,18.656,12.51666667,0.208611111,7.176,32.13333333,0.535555556,19.75,20.53333333,0.342222222,16.122,33.01666667,0.550277778,19.51
"3105,Victoria, Australia","royal melbourne hospital, victoria",106,22.8,0.38,15.574,"monash medical centre, Victoria",106,-37.7660476,145.0879338,postal_code,"Bulleen VIC 3105, Australia",postal_code,OK,23.58333333,0.393055556,16.079,24.53333333,0.408888889,17.573,5.516666667,0.091944444,2.889,36.38333333,0.606388889,24.419,19.98333333,0.333055556,15.039,35.88333333,0.598055556,23.097
"3106,Victoria, Australia","royal melbourne hospital, victoria",107,31.85,0.531,22.141,"monash medical centre, Victoria",107,-37.7537669,145.1486206,postal_code,"Templestowe VIC 3106, Australia",postal_code,OK,32.63333333,0.543888889,22.646,31.1,0.518333333,22.107,15.71666667,0.261944444,10,38.08333333,0.634722222,22.235,26.55,0.4425,19.573,37.76666667,0.629444444,21.125
"3107,Victoria, Australia","royal melbourne hospital, victoria",108,23.667,0.394,16.46,"monash medical centre, Victoria",108,-37.7641408,145.1099967,postal_code,"Templestowe Lower VIC 3107, Australia",postal_code,OK,24.45,0.4075,16.965,24.9,0.415,17.658,8.983333333,0.149722222,5.243,36.76666667,0.612777778,24.504,20.36666667,0.339444444,15.124,35.45,0.590833333,23.361
"3108,Victoria, Australia","royal melbourne hospital, victoria",109,24.167,0.403,17.66,"monash medical centre, Victoria",109,-37.7865824,145.1210303,postal_code,"Doncaster VIC 3108, Australia",postal_code,OK,24.91666667,0.415277778,18.165,25.01666667,0.416944444,18.666,13.4,0.223333333,7.529,31.41666667,0.523611111,17.434,20.46666667,0.341111111,16.133,32.1,0.535,17.306
"3109,Victoria, Australia","royal melbourne hospital, victoria",110,26.35,0.439,21.76,"monash medical centre, Victoria",110,-37.7883929,145.1541397,postal_code,"Doncaster East VIC 3109, Australia",postal_code,OK,27.11666667,0.451944444,22.265,28.66666667,0.477777778,24.351,17.73333333,0.295555556,9.937,32,0.533333333,17.329,24.11666667,0.401944444,21.817,30,0.5,16.317
"3113,Victoria, Australia","royal melbourne hospital, victoria",114,35.667,0.594,31.425,"monash medical centre, Victoria",114,-37.7386037,145.2148736,postal_code,"Warrandyte VIC 3113, Australia",postal_code,OK,36.45,0.6075,31.93,37.13333333,0.618888889,32.634,21.65,0.360833333,16.346,37.68333333,0.628055556,34.647,32.58333333,0.543055556,30.101,36.11666667,0.601944444,34.677
"3114,Victoria, Australia","royal melbourne hospital, victoria",115,33.767,0.563,29.082,"monash medical centre, Victoria",115,-37.7760752,145.2148736,postal_code,"Park Orchards VIC 3114, Australia",postal_code,OK,34.58333333,0.576388889,29.586,35.36666667,0.589444444,30.333,23.11666667,0.385277778,16.863,33.33333333,0.555555556,28.697,30.83333333,0.513888889,27.799,32.88333333,0.548055556,28.867
"3115,Victoria, Australia","royal melbourne hospital, victoria",116,40.767,0.679,36.268,"monash medical centre, Victoria",116,-37.7347069,145.2590707,postal_code,"Wonga Park VIC 3115, Australia",postal_code,OK,41.53333333,0.692222222,36.773,42.31666667,0.705277778,37.533,28.5,0.475,21.94,38.33333333,0.638888889,34.233,37.76666667,0.629444444,35,37.85,0.630833333,34.397
"3116,Victoria, Australia","royal melbourne hospital, victoria",117,47.267,0.788,41.573,"monash medical centre, Victoria",117,-37.7373267,145.3088196,postal_code,"Chirnside Park VIC 3116, Australia",postal_code,OK,48.01666667,0.800277778,42.078,47.28333333,0.788055556,42.738,34.98333333,0.583055556,27.245,42.3,0.705,36.956,42.73333333,0.712222222,40.204,42.96666667,0.716111111,37.653
"3121,Victoria, Australia","royal melbourne hospital, victoria",122,24.133,0.402,8.627,"monash medical centre, Victoria",122,-37.8203499,144.9997396,postal_code,"Richmond VIC 3121, Australia",postal_code,OK,12.05,0.200833333,3.869,12.96666667,0.216111111,4.187,21.76666667,0.362777778,14.288,27.7,0.461666667,20.199,18.88333333,0.314722222,5.96,27.58333333,0.459722222,20.124
"3122,Victoria, Australia","royal melbourne hospital, victoria",123,23.917,0.399,12.375,"monash medical centre, Victoria",123,-37.8222114,145.0328017,postal_code,"Hawthorn VIC 3122, Australia",postal_code,OK,15.43333333,0.257222222,7.316,16.48333333,0.274722222,7.526,17.7,0.295,11.37,25.9,0.431666667,17.98,22.05,0.3675,11.259,26.13333333,0.435555556,17.967
"3123,Victoria, Australia","royal melbourne hospital, victoria",124,24.65,0.411,20.986,"monash medical centre, Victoria",124,-37.8310813,145.0520938,postal_code,"Hawthorn East VIC 3123, Australia",postal_code,OK,17.95,0.299166667,8.505,19.35,0.3225,8.765,19.28333333,0.321388889,9.664,22.53333333,0.375555556,15.687,23.66666667,0.394444444,14.201,22.66666667,0.377777778,15.747
"3124,Victoria, Australia","royal melbourne hospital, victoria",125,27.5,0.458,22.389,"monash medical centre, Victoria",125,-37.8334095,145.0658766,postal_code,"Camberwell VIC 3124, Australia",postal_code,OK,22.1,0.368333333,9.829,21.28333333,0.354722222,12.888,18.96666667,0.316111111,10.176,23.33333333,0.388888889,16.105,25.85,0.430833333,16.235,23.1,0.385,16.194
"3125,Victoria, Australia","royal melbourne hospital, victoria",126,32.2,0.537,23.303,"monash medical centre, Victoria",126,-37.8483275,145.1099967,postal_code,"Burwood VIC 3125, Australia",postal_code,OK,27.15,0.4525,12.016,27.1,0.451666667,14.671,22.3,0.371666667,14.778,20.15,0.335833333,10.397,29.15,0.485833333,22.163,20.16666667,0.336111111,10.379
"3126,Victoria, Australia","royal melbourne hospital, victoria",127,28.1,0.468,17.165,"monash medical centre, Victoria",127,-37.8245223,145.0741474,postal_code,"Canterbury VIC 3126, Australia",postal_code,OK,24.35,0.405833333,11.6,25.93333333,0.432222222,12.578,17,0.283333333,9.653,26.51666667,0.441944444,17.821,25.4,0.423333333,15.95,26.16666667,0.436111111,17.996
"3127,Victoria, Australia","royal melbourne hospital, victoria",128,28.967,0.483,20.52,"monash medical centre, Victoria",128,-37.8259003,145.0989646,postal_code,"Mont Albert VIC 3127, Australia",postal_code,OK,27.36666667,0.456111111,13.642,29.33333333,0.488888889,14.75,20.01666667,0.333611111,11.695,24.88333333,0.414722222,13.136,26.95,0.449166667,19.557,23.96666667,0.399444444,12.715
"3128,Victoria, Australia","royal melbourne hospital, victoria",129,30.25,0.504,22.196,"monash medical centre, Victoria",129,-37.8333543,145.1210303,postal_code,"Box Hill South VIC 3128, Australia",postal_code,OK,30.46666667,0.507777778,14.759,30.2,0.503333333,18.25,20.31666667,0.338611111,13.671,21.5,0.358333333,11.897,27.28333333,0.454722222,21.063,20.43333333,0.340555556,11.194
"3129,Victoria, Australia","royal melbourne hospital, victoria",130,24.133,0.402,18.704,"monash medical centre, Victoria",130,-37.8052948,145.1210303,postal_code,"Mont Albert North VIC 3129, Australia",postal_code,OK,24.9,0.415,19.208,26.28333333,0.438055556,20.149,14.16666667,0.236111111,10.179,28.65,0.4775,15.309,21.73333333,0.362222222,17.615,29.06666667,0.484444444,14.939
"3130,Victoria, Australia","royal melbourne hospital, victoria",131,29.917,0.499,24.214,"monash medical centre, Victoria",131,-37.8258214,145.1541397,postal_code,"Blackburn North VIC 3130, Australia",postal_code,OK,30.71666667,0.511944444,24.719,31.66666667,0.527777778,25.618,19.98333333,0.333055556,15.69,23.93333333,0.398888889,13.326,27.11666667,0.451944444,23.084,23.36666667,0.389444444,13.126
"3131,Victoria, Australia","royal melbourne hospital, victoria",132,29.283,0.488,25.035,"monash medical centre, Victoria",132,-37.8239091,145.1762197,postal_code,"Forest Hill VIC 3131, Australia",postal_code,OK,30.06666667,0.501111111,25.54,31.2,0.52,26.414,19.33333333,0.322222222,16.511,26.8,0.446666667,15.621,26.65,0.444166667,23.88,25.6,0.426666667,15.704
"3132,Victoria, Australia","royal melbourne hospital, victoria",133,32.483,0.541,29.39,"monash medical centre, Victoria",133,-37.8219905,145.1983055,postal_code,"Mitcham VIC 3132, Australia",postal_code,OK,33.46666667,0.557777778,29.895,34.53333333,0.575555556,30.786,22.73333333,0.378888889,20.866,28.2,0.47,22.464,29.98333333,0.499722222,28.252,27.21666667,0.453611111,22.757
"3133,Victoria, Australia","royal melbourne hospital, victoria",134,35.4,0.59,33.655,"monash medical centre, Victoria",134,-37.8500602,145.1983055,postal_code,"Vermont VIC 3133, Australia",postal_code,OK,36.2,0.603333333,34.16,36.78333333,0.613055556,35.125,25.46666667,0.424444444,25.13,25.08333333,0.418055556,19.041,32.23333333,0.537222222,32.591,24.38333333,0.406388889,19.548
"3134,Victoria, Australia","royal melbourne hospital, victoria",135,36.05,0.601,31.76,"monash medical centre, Victoria",135,-37.7900435,145.2424941,postal_code,"Warrandyte South VIC 3134, Australia",postal_code,OK,36.81666667,0.613611111,32.265,36.53333333,0.608888889,32.669,26.78333333,0.446388889,19.688,31.56666667,0.526111111,26.887,31.98333333,0.533055556,30.136,31.15,0.519166667,27.084
"3135,Victoria, Australia","royal melbourne hospital, victoria",136,36.5,0.608,31.657,"monash medical centre, Victoria",136,-37.8218486,145.2535448,postal_code,"Heathmont VIC 3135, Australia",postal_code,OK,37.4,0.623333333,32.162,37.85,0.630833333,32.783,26.66666667,0.444444444,23.132,31.55,0.525833333,25.154,33.31666667,0.555277778,30.25,29.95,0.499166667,25.194
"3136,Victoria, Australia","royal melbourne hospital, victoria",137,37.467,0.624,33.214,"monash medical centre, Victoria",137,-37.7983502,145.2811778,postal_code,"Croydon South VIC 3136, Australia",postal_code,OK,38.25,0.6375,33.718,37.85,0.630833333,34.326,27.51666667,0.458611111,24.689,32.88333333,0.548055556,28.544,33.3,0.555,31.793,32.6,0.543333333,28.537
"3137,Victoria, Australia","royal melbourne hospital, victoria",138,44.667,0.744,39.554,"monash medical centre, Victoria",138,-37.8253798,145.3198788,postal_code,"Kilsyth VIC 3137, Australia",postal_code,OK,45.5,0.758333333,40.059,46.11666667,0.768611111,40.775,34.76666667,0.579444444,31.03,38.53333333,0.642222222,30.631,41.58333333,0.693055556,38.242,36.86666667,0.614444444,26.294
"3138,Victoria, Australia","royal melbourne hospital, victoria",139,46.2,0.77,38.669,"monash medical centre, Victoria",139,-37.7822365,145.3309395,postal_code,"Mooroolbark VIC 3138, Australia",postal_code,OK,46.96666667,0.782777778,39.174,46.8,0.78,39.716,36.23333333,0.603888889,30.145,41.83333333,0.697222222,33.935,42.26666667,0.704444444,37.183,41.31666667,0.688611111,33.993
"3139,Victoria, Australia","royal melbourne hospital, victoria",140,76.083,1.268,70.048,"monash medical centre, Victoria",140,-37.8251456,145.5579927,postal_code,"Don Valley VIC 3139, Australia",postal_code,OK,76.95,1.2825,70.553,77.55,1.2925,68.835,66.21666667,1.103611111,61.523,71.2,1.186666667,61.137,73,1.216666667,66.301,68.1,1.135,61.075
"3140,Victoria, Australia","royal melbourne hospital, victoria",141,48.4,0.807,41.858,"monash medical centre, Victoria",141,-37.7643547,145.3475331,postal_code,"Lilydale VIC 3140, Australia",postal_code,OK,49.41666667,0.823611111,42.362,49.13333333,0.818888889,43.092,38.68333333,0.644722222,33.333,44.16666667,0.736111111,37.31,44.58333333,0.743055556,40.558,43.75,0.729166667,37.181
"3141,Victoria, Australia","royal melbourne hospital, victoria",142,23.733,0.396,13.173,"monash medical centre, Victoria",142,-37.838568,144.9914761,postal_code,"South Yarra VIC 3141, Australia",postal_code,OK,4.816666667,0.080277778,1.408,5.216666667,0.086944444,1.608,22.78333333,0.379722222,15.745,26.35,0.439166667,21.074,19.03333333,0.317222222,6.99,26.88333333,0.448055556,21.193
"3142,Victoria, Australia","royal melbourne hospital, victoria",143,22,0.367,17.262,"monash medical centre, Victoria",143,-37.8432402,145.0190242,postal_code,"Toorak VIC 3142, Australia",postal_code,OK,11.26666667,0.187777778,3.856,12.13333333,0.202222222,4.12,25.71666667,0.428611111,14.902,21.43333333,0.357222222,16.361,20.4,0.34,10.434,23.83333333,0.397222222,16.494
"3143,Victoria, Australia","royal melbourne hospital, victoria",144,26.7,0.445,17.505,"monash medical centre, Victoria",144,-37.857253,145.0190242,postal_code,"Armadale VIC 3143, Australia",postal_code,OK,11.25,0.1875,3.769,10.98333333,0.183055556,5.213,29.8,0.496666667,16.624,24.31666667,0.405277778,13.692,25.28333333,0.421388889,11.107,23.75,0.395833333,13.251
"3144,Victoria, Australia","royal melbourne hospital, victoria",145,24.467,0.408,19.605,"monash medical centre, Victoria",145,-37.8535148,145.0355574,postal_code,"Kooyong VIC 3144, Australia",postal_code,OK,13.16666667,0.219444444,4.739,14,0.233333333,5.003,27.73333333,0.462222222,13.232,20.55,0.3425,14.676,22.41666667,0.373611111,12.988,22.06666667,0.367777778,14.945
"3145,Victoria, Australia","royal melbourne hospital, victoria",146,27.1,0.452,23.053,"monash medical centre, Victoria",146,-37.8763981,145.0548502,postal_code,"Malvern East VIC 3145, Australia",postal_code,OK,17.21666667,0.286944444,8.63,15.38333333,0.256388889,8.593,30.31666667,0.505277778,14.8,17.55,0.2925,9.609,26.58333333,0.443055556,16.476,16.9,0.281666667,9.282
"3146,Victoria, Australia","royal melbourne hospital, victoria",147,21.867,0.364,20.556,"monash medical centre, Victoria",147,-37.8577136,145.0548502,postal_code,"Glen Iris VIC 3146, Australia",postal_code,OK,16.38333333,0.273055556,6.465,17.48333333,0.291388889,6.729,25.1,0.418333333,12.303,17.2,0.286666667,13.517,21.2,0.353333333,13.88,19.25,0.320833333,10.544
"3147,Victoria, Australia","royal melbourne hospital, victoria",148,27.883,0.465,24.238,"monash medical centre, Victoria",148,-37.8675054,145.0906914,postal_code,"Ashwood VIC 3147, Australia",postal_code,OK,21.81666667,0.363611111,13.936,21.85,0.364166667,14.15,28.71666667,0.478611111,16.507,16.96666667,0.282777778,8.504,26.41666667,0.440277778,17.498,16.11666667,0.268611111,8.095
"3148,Victoria, Australia","royal melbourne hospital, victoria",149,27.4,0.457,26.33,"monash medical centre, Victoria",149,-37.8819831,145.0989646,postal_code,"Chadstone VIC 3148, Australia",postal_code,OK,21.38333333,0.356388889,16.028,21.05,0.350833333,16.11,31.11666667,0.518611111,18.07,13.13333333,0.218888889,6.744,25.63333333,0.427222222,19.457,12.06666667,0.201111111,6.191
"3149,Victoria, Australia","royal melbourne hospital, victoria",150,31.2,0.52,31.287,"monash medical centre, Victoria",150,-37.8772869,145.1265477,postal_code,"Mount Waverley VIC 3149, Australia",postal_code,OK,25.18333333,0.419722222,20.985,25.03333333,0.417222222,21.028,29.55,0.4925,20.015,12.46666667,0.207777778,5.903,29.6,0.493333333,24.376,12,0.2,5.452
"3150,Victoria, Australia","royal melbourne hospital, victoria",151,33.433,0.557,34.348,"monash medical centre, Victoria",151,-37.8921876,145.1706992,postal_code,"Glen Waverley VIC 3150, Australia",postal_code,OK,27.4,0.456666667,24.046,26.86666667,0.447777778,23.987,29.43333333,0.490555556,30.723,16.63333333,0.277222222,8.329,31.43333333,0.523888889,27.334,15.05,0.250833333,8.378
"3151,Victoria, Australia","royal melbourne hospital, victoria",152,34.8,0.58,27.44,"monash medical centre, Victoria",152,-37.8552869,145.1513801,postal_code,"Burwood East VIC 3151, Australia",postal_code,OK,31.95,0.5325,15.889,28.1,0.468333333,24.37,24.83333333,0.413888889,18.915,18.2,0.303333333,9.802,32.68333333,0.544722222,27.718,18.53333333,0.308888889,10.096
"3152,Victoria, Australia","royal melbourne hospital, victoria",153,35.433,0.591,34.269,"monash medical centre, Victoria",153,-37.8668518,145.220397,postal_code,"Wantirna VIC 3152, Australia",postal_code,OK,36.23333333,0.603888889,34.773,36.63333333,0.610555556,35.452,25.48333333,0.424722222,25.744,24.43333333,0.407222222,17.46,32.1,0.535,32.919,23.08333333,0.384722222,18.712
"3153,Victoria, Australia","royal melbourne hospital, victoria",154,38.183,0.636,35.271,"monash medical centre, Victoria",154,-37.8386354,145.2756505,postal_code,"Bayswater VIC 3153, Australia",postal_code,OK,38.98333333,0.649722222,35.776,39.38333333,0.656388889,36.972,28.25,0.470833333,26.747,29.8,0.496666667,23.763,34.83333333,0.580555556,34.438,28.48333333,0.474722222,23.732
"3154,Victoria, Australia","royal melbourne hospital, victoria",155,45.033,0.751,40.554,"monash medical centre, Victoria",155,-37.8534742,145.3198788,postal_code,"The Basin VIC 3154, Australia",postal_code,OK,45.81666667,0.763611111,41.059,46.7,0.778333333,41.731,35.08333333,0.584722222,32.03,37.48333333,0.624722222,25.891,42.15,0.7025,39.198,35.21666667,0.586944444,24.065
"3155,Victoria, Australia","royal melbourne hospital, victoria",156,41.25,0.688,37.148,"monash medical centre, Victoria",156,-37.8610682,145.2867055,postal_code,"Boronia VIC 3155, Australia",postal_code,OK,42.01666667,0.700277778,37.653,42.45,0.7075,38.275,31.28333333,0.521388889,28.624,32.86666667,0.547777778,25.067,37.91666667,0.631944444,35.742,31.41666667,0.523611111,20.659
"3156,Victoria, Australia","royal melbourne hospital, victoria",157,44.25,0.738,46.454,"monash medical centre, Victoria",157,-37.9368007,145.3032906,postal_code,"Ferntree Gully VIC 3156, Australia",postal_code,OK,38.26666667,0.637777778,38.701,39.18333333,0.653055556,38.615,36.46666667,0.607777778,39.699,26.43333333,0.440555556,18.298,43.53333333,0.725555556,46.839,24.33333333,0.405555556,18.281
"3158,Victoria, Australia","royal melbourne hospital, victoria",159,48.433,0.807,44.207,"monash medical centre, Victoria",159,-37.9039829,145.3309395,postal_code,"Upwey VIC 3158, Australia",postal_code,OK,44.43333333,0.740555556,44.102,46.48333333,0.774722222,38.913,38.5,0.641666667,35.682,32.8,0.546666667,23.675,45.38333333,0.756388889,42.905,30.5,0.508333333,23.682
"3159,Victoria, Australia","royal melbourne hospital, victoria",160,54.167,0.903,59.044,"monash medical centre, Victoria",160,-37.9225135,145.3862638,postal_code,"Menzies Creek VIC 3159, Australia",postal_code,OK,48.26666667,0.804444444,51.291,49.15,0.819166667,52.077,46.46666667,0.774444444,52.289,36.75,0.6125,30.89,54.7,0.911666667,49.631,34.31666667,0.571944444,30.871
"3160,Victoria, Australia","royal melbourne hospital, victoria",161,49.167,0.819,52.34,"monash medical centre, Victoria",161,-37.932935,145.3475331,postal_code,"Belgrave VIC 3160, Australia",postal_code,OK,43.2,0.72,44.587,44.23333333,0.737222222,44.501,41.4,0.69,45.585,31.48333333,0.524722222,24.183,48.58333333,0.809722222,52.725,29.26666667,0.487777778,24.167
"3161,Victoria, Australia","royal melbourne hospital, victoria",162,26.667,0.444,18.274,"monash medical centre, Victoria",162,-37.8712631,145.0190242,postal_code,"Caulfield North VIC 3161, Australia",postal_code,OK,12.58333333,0.209722222,6.017,12,0.2,5.988,34.11666667,0.568611111,18.278,22.78333333,0.379722222,13.061,26.3,0.438333333,11.882,23.25,0.3875,12.646
"3162,Victoria, Australia","royal melbourne hospital, victoria",163,33.183,0.553,20.985,"monash medical centre, Victoria",163,-37.8932076,145.0217795,postal_code,"Caulfield South VIC 3162, Australia",postal_code,OK,16.95,0.2825,8.273,17.61666667,0.293611111,8.735,38.66666667,0.644444444,18.514,22.45,0.374166667,11.454,32.75,0.545833333,14.634,20.66666667,0.344444444,11.298
"3163,Victoria, Australia","royal melbourne hospital, victoria",164,32.85,0.548,25.371,"monash medical centre, Victoria",164,-37.8950779,145.0548502,postal_code,"Carnegie VIC 3163, Australia",postal_code,OK,20.65,0.344166667,10.613,20.3,0.338333333,10.621,35.95,0.599166667,16.703,17.4,0.29,8.703,31.2,0.52,18.603,16.4,0.273333333,8.572
"3165,Victoria, Australia","royal melbourne hospital, victoria",166,34.617,0.577,30.727,"monash medical centre, Victoria",166,-37.9174873,145.0658766,postal_code,"Bentleigh East VIC 3165, Australia",postal_code,OK,25.08333333,0.418055556,13.268,24.76666667,0.412777778,13.1,38.31666667,0.638611111,22.467,14.78333333,0.246388889,7.194,34.53333333,0.575555556,24.137,14.38333333,0.239722222,7.076
"3166,Victoria, Australia","royal melbourne hospital, victoria",167,29.533,0.492,27.838,"monash medical centre, Victoria",167,-37.9006677,145.0989646,postal_code,"Huntingdale VIC 3166, Australia",postal_code,OK,23.91666667,0.398611111,13.836,22.81666667,0.380277778,13.9,33.21666667,0.553611111,19.578,8.75,0.145833333,4.417,28.75,0.479166667,21.248,9.15,0.1525,3.994
"3167,Victoria, Australia","royal melbourne hospital, victoria",168,34.35,0.573,30.258,"monash medical centre, Victoria",168,-37.9193474,145.0989646,postal_code,"Oakleigh South VIC 3167, Australia",postal_code,OK,29.03333333,0.483888889,15.597,27.36666667,0.456111111,15.81,38.05,0.634166667,21.998,9.933333333,0.165555556,4.203,33.3,0.555,23.173,9.383333333,0.156388889,4.097
"3168,Victoria, Australia","royal melbourne hospital, victoria",169,35.1,0.585,34.26,"monash medical centre, Victoria",169,-37.9211962,145.1320653,postal_code,"Notting Hill VIC 3168, Australia",postal_code,OK,30.3,0.505,18.262,28.95,0.4825,18.275,38.55,0.6425,25.989,6.133333333,0.102222222,2.817,34.46666667,0.574444444,27.772,6.133333333,0.102222222,2.806
"3169,Victoria, Australia","royal melbourne hospital, victoria",170,40.183,0.67,37.821,"monash medical centre, Victoria",170,-37.9454838,145.1210303,postal_code,"Clayton South VIC 3169, Australia",postal_code,OK,32.08333333,0.534722222,19.363,31.78333333,0.529722222,19.374,42.1,0.701666667,41.586,8.433333333,0.140555556,3.641,39.41666667,0.656944444,27.963,8.7,0.145,3.678
"3170,Victoria, Australia","royal melbourne hospital, victoria",171,36.233,0.604,37.968,"monash medical centre, Victoria",171,-37.9267579,145.1762197,postal_code,"Mulgrave VIC 3170, Australia",postal_code,OK,31.26666667,0.521111111,28.836,31.18333333,0.519722222,26.092,33.9,0.565,36.176,13.6,0.226666667,6.407,35.75,0.595833333,29.44,13.25,0.220833333,7.037
"3171,Victoria, Australia","royal melbourne hospital, victoria",172,38.467,0.641,37.253,"monash medical centre, Victoria",172,-37.9473307,145.1541397,postal_code,"Springvale VIC 3171, Australia",postal_code,OK,32.43333333,0.540555556,26.951,32.38333333,0.539722222,26.985,37.33333333,0.622222222,38.523,10.96666667,0.182777778,5.478,36.95,0.615833333,30.332,11.3,0.188333333,5.972
"3172,Victoria, Australia","royal melbourne hospital, victoria",173,43.05,0.718,39.866,"monash medical centre, Victoria",173,-37.9772192,145.1320653,postal_code,"Springvale South VIC 3172, Australia",postal_code,OK,35.16666667,0.586111111,22.777,37.1,0.618333333,23.305,40.93333333,0.682222222,46.112,15.38333333,0.256388889,9.555,43.4,0.723333333,34.795,14.46666667,0.241111111,8.053
"3173,Victoria, Australia","royal melbourne hospital, victoria",174,41,0.683,46.69,"monash medical centre, Victoria",174,-38.0042683,145.1706992,postal_code,"Keysborough VIC 3173, Australia",postal_code,OK,34.96666667,0.582777778,36.387,35.68333333,0.594722222,37.048,35.71666667,0.595277778,41.995,19.31666667,0.321944444,12.585,40.25,0.670833333,40.395,19.46666667,0.324444444,12.917
"3174,Victoria, Australia","royal melbourne hospital, victoria",175,37.9,0.632,42.598,"monash medical centre, Victoria",175,-37.9641212,145.1762197,postal_code,"Noble Park North VIC 3174, Australia",postal_code,OK,31.88333333,0.531388889,32.296,32.76666667,0.546111111,32.88,32.63333333,0.543888889,37.903,16.75,0.279166667,8.869,37.33333333,0.622222222,36.228,15.55,0.259166667,9.055
"3175,Victoria, Australia","royal melbourne hospital, victoria",176,42.317,0.705,48.699,"monash medical centre, Victoria",176,-38.0191689,145.2148736,postal_code,"Bangholme VIC 3175, Australia",postal_code,OK,36.3,0.605,38.397,36.56666667,0.609444444,38.397,37.05,0.6175,44.004,24.46666667,0.407777778,17.467,41.13333333,0.685555556,41.744,22.83333333,0.380555556,20.622
"3177,Victoria, Australia","royal melbourne hospital, victoria",178,41.95,0.699,45.586,"monash medical centre, Victoria",178,-37.9957951,145.2424941,postal_code,"Eumemmerring VIC 3177, Australia",postal_code,OK,35.91666667,0.598611111,35.284,35.73333333,0.595555556,35.472,36.71666667,0.611944444,40.916,24.33333333,0.405555556,17.871,40.31666667,0.671944444,38.82,22.45,0.374166667,17.509
"3178,Victoria, Australia","royal melbourne hospital, victoria",179,39.2,0.653,41.033,"monash medical centre, Victoria",179,-37.9210442,145.2424941,postal_code,"Rowville VIC 3178, Australia",postal_code,OK,33.23333333,0.553888889,33.28,33.63333333,0.560555556,33.372,31.43333333,0.523888889,34.278,20.9,0.348333333,13.055,37.98333333,0.633055556,41.597,19.28333333,0.321388889,12.86
"3179,Victoria, Australia","royal melbourne hospital, victoria",180,35.85,0.598,37.758,"monash medical centre, Victoria",180,-37.9042587,145.220397,postal_code,"Scoresby VIC 3179, Australia",postal_code,OK,30.73333333,0.512222222,27.778,31.01666667,0.516944444,27.843,25.9,0.431666667,29.234,20.53333333,0.342222222,12.157,33.33333333,0.555555556,36.33,17.93333333,0.298888889,12.095
"3180,Victoria, Australia","royal melbourne hospital, victoria",181,39.567,0.659,38.372,"monash medical centre, Victoria",181,-37.8887649,145.250782,postal_code,"Knoxfield VIC 3180, Australia",postal_code,OK,35.91666667,0.598611111,31.023,35.26666667,0.587777778,31.015,29.6,0.493333333,29.847,24.76666667,0.412777778,15.329,36.33333333,0.605555556,37.039,23.13333333,0.385555556,15.339
"3181,Victoria, Australia","royal melbourne hospital, victoria",182,23.367,0.389,15.963,"monash medical centre, Victoria",182,-37.8544481,144.996985,postal_code,"Prahran VIC 3181, Australia",postal_code,OK,7.333333333,0.122222222,1.899,8.183333333,0.136388889,3.434,31.03333333,0.517222222,17.051,29.03333333,0.483888889,16.349,22.48333333,0.374722222,9.327,25.91666667,0.431944444,15.136
"3182,Victoria, Australia","royal melbourne hospital, victoria",183,21.617,0.36,14.417,"monash medical centre, Victoria",183,-37.8595773,144.9777054,postal_code,"St Kilda West VIC 3182, Australia",postal_code,OK,5.366666667,0.089444444,1.731,6.683333333,0.111388889,2.025,29.38333333,0.489722222,18.181,30.2,0.503333333,16.747,20.98333333,0.349722222,7.919,29.03333333,0.483888889,16.441
"3183,Victoria, Australia","royal melbourne hospital, victoria",184,23.667,0.394,16.426,"monash medical centre, Victoria",184,-37.8670566,144.9997396,postal_code,"St Kilda East VIC 3183, Australia",postal_code,OK,9.383333333,0.156388889,3.618,9.066666667,0.151111111,4.173,32,0.533333333,17.752,24.96666667,0.416111111,14.373,23.36666667,0.389444444,10.067,25.23333333,0.420555556,13.958
"3184,Victoria, Australia","royal melbourne hospital, victoria",185,26.433,0.441,16.892,"monash medical centre, Victoria",185,-37.878722,144.9859676,postal_code,"Elwood VIC 3184, Australia",postal_code,OK,10.25,0.170833333,4.167,11.48333333,0.191388889,4.288,34.25,0.570833333,20.617,28.21666667,0.470277778,15.08,26.78333333,0.446388889,10.137,27.03333333,0.450555556,14.945
"3185,Victoria, Australia","royal melbourne hospital, victoria",186,30.017,0.5,19.479,"monash medical centre, Victoria",186,-37.8862009,145.0080039,postal_code,"Elsternwick VIC 3185, Australia",postal_code,OK,14.33333333,0.238888889,5.639,15.33333333,0.255555556,5.729,37.2,0.62,19.605,24.61666667,0.410277778,13.102,30.01666667,0.500277778,13.118,23.55,0.3925,12.973
"3186,Victoria, Australia","royal melbourne hospital, victoria",187,31.3,0.522,19.733,"monash medical centre, Victoria",187,-37.9044002,144.9997396,postal_code,"Brighton VIC 3186, Australia",postal_code,OK,15.05,0.250833333,7.008,16.43333333,0.273888889,7.933,39.06666667,0.651111111,23.458,24.36666667,0.406111111,12.882,32.38333333,0.539722222,16.189,24.01666667,0.400277778,12.795
"3187,Victoria, Australia","royal melbourne hospital, victoria",188,33.55,0.559,21.916,"monash medical centre, Victoria",188,-37.9179439,145.0190242,postal_code,"Brighton East VIC 3187, Australia",postal_code,OK,17.31666667,0.288611111,9.191,18.45,0.3075,9.334,41.31666667,0.688611111,25.64,24.8,0.413333333,12.56,34.71666667,0.578611111,15.741,24.26666667,0.404444444,12.453
"3188,Victoria, Australia","royal melbourne hospital, victoria",189,38.533,0.642,25.271,"monash medical centre, Victoria",189,-37.9394031,145.0135139,postal_code,"Hampton VIC 3188, Australia",postal_code,OK,22.33333333,0.372222222,12.546,23.8,0.396666667,12.659,46.33333333,0.772222222,28.996,25.58333333,0.426388889,13.645,40.13333333,0.668888889,21.54,26.65,0.444166667,13.461
"3189,Victoria, Australia","royal melbourne hospital, victoria",190,39.2,0.653,33.827,"monash medical centre, Victoria",190,-37.9403568,145.0576067,postal_code,"Moorabbin VIC 3189, Australia",postal_code,OK,23.66666667,0.394444444,13.532,24.26666667,0.404444444,13.673,42.95,0.715833333,25.566,17.4,0.29,9.269,38.71666667,0.645277778,27.135,18.63333333,0.310555556,9.181
"3190,Victoria, Australia","royal melbourne hospital, victoria",191,38.5,0.642,25.77,"monash medical centre, Victoria",191,-37.9487497,145.0410692,postal_code,"Highett VIC 3190, Australia",postal_code,OK,22.28333333,0.371388889,13.045,23.8,0.396666667,13.556,46.3,0.771666667,29.495,22.16666667,0.369444444,11.494,40.05,0.6675,19.963,23.11666667,0.385277778,11.329
"3191,Victoria, Australia","royal melbourne hospital, victoria",192,39.75,0.663,26.654,"monash medical centre, Victoria",192,-37.9533967,145.0135139,postal_code,"Sandringham VIC 3191, Australia",postal_code,OK,23.31666667,0.388611111,13.722,25.08333333,0.418055556,13.838,47.33333333,0.788888889,30.172,26.86666667,0.447777778,14.824,40.5,0.675,22.088,27.65,0.460833333,14.638
"3192,Victoria, Australia","royal melbourne hospital, victoria",193,41.483,0.691,35.215,"monash medical centre, Victoria",193,-37.964155,145.0658766,postal_code,"Cheltenham VIC 3192, Australia",postal_code,OK,26.75,0.445833333,16.118,26.46666667,0.441111111,16.23,45.21666667,0.753611111,26.955,20.3,0.338333333,10.702,41.61666667,0.693611111,28.568,19.83333333,0.330555556,10.104
"3193,Victoria, Australia","royal melbourne hospital, victoria",194,45.217,0.754,30.699,"monash medical centre, Victoria",194,-37.9809272,145.0328017,postal_code,"Black Rock VIC 3193, Australia",postal_code,OK,29.45,0.490833333,18.357,30.38333333,0.506388889,18.559,53.45,0.890833333,34.807,28.88333333,0.481388889,15.81,46.48333333,0.774722222,26.003,29.3,0.488333333,15.342
"3194,Victoria, Australia","royal melbourne hospital, victoria",195,42.417,0.707,36.053,"monash medical centre, Victoria",195,-37.9786189,145.0741474,postal_code,"Moorabbin Airport VIC 3194, Australia",postal_code,OK,28.63333333,0.477222222,17.915,28.35,0.4725,17.74,46.15,0.769166667,27.793,20.56666667,0.342777778,11.557,41.9,0.698333333,29.423,20.76666667,0.346111111,10.942
"3195,Victoria, Australia","royal melbourne hospital, victoria",196,45.883,0.765,40.189,"monash medical centre, Victoria",196,-38.0005492,145.1044805,postal_code,"Waterways VIC 3195, Australia",postal_code,OK,34.1,0.568333333,22.351,32.53333333,0.542222222,21.476,41.88333333,0.698055556,48.879,20.78333333,0.346388889,11.152,47.28333333,0.788055556,33.708,18.25,0.304166667,9.658
"3196,Victoria, Australia","royal melbourne hospital, victoria",197,49.317,0.822,59.479,"monash medical centre, Victoria",197,-38.048116,145.1210303,postal_code,"Bonbeach VIC 3196, Australia",postal_code,OK,40.3,0.671666667,26.592,40.41666667,0.673611111,26.691,44.01666667,0.733611111,54.784,26.66666667,0.444444444,17.733,50.01666667,0.833611111,49.156,26.73333333,0.445555556,17.603
"3197,Victoria, Australia","royal melbourne hospital, victoria",198,46.9,0.782,56.255,"monash medical centre, Victoria",198,-38.0742262,145.1431018,postal_code,"Carrum VIC 3197, Australia",postal_code,OK,40.85,0.680833333,45.953,41.56666667,0.692777778,46.576,41.6,0.693333333,51.56,26.65,0.444166667,20.272,46.13333333,0.768888889,49.924,25.51666667,0.425277778,19.631
"3198,Victoria, Australia","royal melbourne hospital, victoria",199,47.183,0.786,58.613,"monash medical centre, Victoria",199,-38.1021858,145.1431018,postal_code,"Seaford VIC 3198, Australia",postal_code,OK,41.15,0.685833333,48.311,41.41666667,0.690277778,48.608,41.9,0.698333333,53.918,28.33333333,0.472222222,23.759,45.98333333,0.766388889,51.955,27.68333333,0.461388889,30.536
"3199,Victoria, Australia","royal melbourne hospital, victoria",200,54.3,0.905,65.517,"monash medical centre, Victoria",200,-38.1645944,145.1486206,postal_code,"Frankston VIC 3199, Australia",postal_code,OK,48.25,0.804166667,55.215,48.16666667,0.802777778,55.695,49,0.816666667,60.822,35.13333333,0.585555556,30.842,52.73333333,0.878888889,59.042,35.31666667,0.588611111,30.635
"3200,Victoria, Australia","royal melbourne hospital, victoria",201,50.45,0.841,60.256,"monash medical centre, Victoria",201,-38.1250223,145.162419,postal_code,"Frankston North VIC 3200, Australia",postal_code,OK,44.45,0.740833333,49.954,44.71666667,0.745277778,50.167,45.2,0.753333333,55.561,31.73333333,0.528888889,25.546,49.28333333,0.821388889,53.514,31.51666667,0.525277778,25.471
"3201,Victoria, Australia","royal melbourne hospital, victoria",202,46.867,0.781,56.978,"monash medical centre, Victoria",202,-38.0975353,145.1706992,postal_code,"Carrum Downs VIC 3201, Australia",postal_code,OK,40.83333333,0.680555556,46.676,41.53333333,0.692222222,47.184,41.58333333,0.693055556,52.283,28.75,0.479166667,24.343,46.1,0.768333333,50.531,27.36666667,0.456111111,28.901
"3202,Victoria, Australia","royal melbourne hospital, victoria",203,39.6,0.66,34.148,"monash medical centre, Victoria",203,-37.9529597,145.0879338,postal_code,"Heatherton VIC 3202, Australia",postal_code,OK,29.45,0.490833333,17.689,29.06666667,0.484444444,17.158,43.31666667,0.721944444,25.887,14.55,0.2425,7.777,38.68333333,0.644722222,27.485,14.5,0.241666667,7.125
"3204,Victoria, Australia","royal melbourne hospital, victoria",205,37.2,0.62,23.593,"monash medical centre, Victoria",205,-37.9193526,145.0438252,postal_code,"McKinnon VIC 3204, Australia",postal_code,OK,20.98333333,0.349722222,10.868,21.86666667,0.364444444,10.958,40.33333333,0.672222222,19.454,17.43333333,0.290555556,8.696,36.7,0.611666667,21.024,18.16666667,0.302777778,8.087
"3205,Victoria, Australia","royal melbourne hospital, victoria",206,15.167,0.253,11.034,"monash medical centre, Victoria",206,-37.8338889,144.963937,postal_code,"South Melbourne VIC 3205, Australia",postal_code,OK,7.45,0.124166667,2.746,8.9,0.148333333,2.655,30.01666667,0.500277778,17.787,27.16666667,0.452777778,23.508,9.466666667,0.157777778,1.988,27.28333333,0.454722222,23.535
"3206,Victoria, Australia","royal melbourne hospital, victoria",207,18.55,0.309,11.453,"monash medical centre, Victoria",207,-37.8460268,144.9584302,postal_code,"Middle Park VIC 3206, Australia",postal_code,OK,9.933333333,0.165555556,4.355,10.85,0.180833333,3.399,32.46666667,0.541111111,18.874,31.96666667,0.532777778,25.239,9.466666667,0.157777778,1.988,31.68333333,0.528055556,25.398
"3207,Victoria, Australia","royal melbourne hospital, victoria",208,14.533,0.242,9.742,"monash medical centre, Victoria",208,-37.8315264,144.9226452,postal_code,"Port Melbourne VIC 3207, Australia",postal_code,OK,18.61666667,0.310277778,8.513,14.21666667,0.236944444,7.884,33.66666667,0.561111111,22.579,28.95,0.4825,27.852,9.466666667,0.157777778,1.988,32,0.533333333,27.661
